<flow xmlns="http://www.springframework.org/schema/webflow" 
xmlns:xsi="http://www.w3.org/2001/XMLSchema-instance" 
xsi:schemaLocation="http://www.springframework.org/schema/webflow 
http://www.springframework.org/schema/webflow/spring-webflow-2.0.xsd">
<var name="user" class="com.teja.backend.model.UserDetails"/>
<!--  Executed when webFlow is triggered  -->
<on-start>
<evaluate expression="registrationHandler.initFlow()" result="flowScope.userDetails"/>
</on-start>
<view-state id="start" view="signup" model="flowScope.userDetails">
<transition on="submit" to="validate"/>
</view-state>
<action-state id="validate">
<evaluate expression="registrationHandler.validateDetails(userDetails,messageContext)"/>
<transition on="success" to="confirmDetails"/>
<transition on="failure" to="start"/>
</action-state>
<view-state id="confirmDetails" view="confirmuserDetails" model="flowScope.userDetails">
<transition on="edit" to="start"/>
<transition on="submit" to="signin">
<evaluate expression="userDetails.setRole('ROLE_USER')"/>
<evaluate expression="userDetails.setEnabled(true)"/>
<evaluate expression="userDetailsDAO.save(userDetails)"/>
</transition>
</view-state>
<end-state id="signin" view="signin"/>
<end-state id="toHome" view="externalRedirect:contextRelative:Home.jsp"/>
<end-state id="toException" view="externalRedirect:contextRelative:exception.jsp"/>
<!--  these events are available in every state  -->
<global-transitions>
<transition on="home" to="toHome"/>
<transition on="error" to="toException"/>
</global-transitions>
</flow>