<beans:beans xmlns="http://www.springframework.org/schema/security" 
    xmlns:mvc="http://www.springframework.org/schema/mvc"
    xmlns:context="http://www.springframework.org/schema/context"
	xmlns:beans="http://www.springframework.org/schema/beans"
	xmlns:xsi="http://www.w3.org/2001/XMLSchema-instance"
	xsi:schemaLocation="http://www.springframework.org/schema/beans
	http://www.springframework.org/schema/beans/spring-beans-4.0.xsd
	http://www.springframework.org/schema/context
	http://www.springframework.org/schema/context/spring-context.xsd
	http://www.springframework.org/schema/tx
	http://www.springframework.org/schema/tx/spring-tx.xsd
	http://www.springframework.org/schema/security 
	http://www.springframework.org/schema/security/spring-security.xsd">


<!--  enable use expressions -->
<http auto-config="true" use-expressions="true">
<intercept-url  pattern="/adminhome" access="hasRole('ROLE_ADMIN')" />
<intercept-url  pattern="/category" access="hasRole('ROLE_ADMIN')" />
<intercept-url  pattern="/product" access="hasRole('ROLE_ADMIN')" />
<intercept-url  pattern="/supplier" access="hasRole('ROLE_ADMIN')" />

<!-- access denied page -->
<access-denied-handler error-page="/denied"  />
<form-login 
login-page="/Home"
default-target-url="/"
login-processing-url="/perform_login"
authentication-failure-url="/Home"
authentication-success-forward-url="/login_session_attributes" />
<!-- username-parameter="username"
password-parameter="password" />
 -->
<logout logout-url= "/perform_logout"
invalidate-session="true"
logout-success-url="/" />

<!-- enable csrf protection -->
<csrf disabled="true"/>

</http>

<!-- select users and user_roles from database -->
<authentication-manager>
<authentication-provider>
<jdbc-user-service data-source-ref="dataSource"
users-by-username-query=
"select id,password,enabled from user_details where id=?"
authorities-by-username-query=
"select id,role,enabled from user_details where id=?" />
</authentication-provider>
</authentication-manager>

</beans:beans>